company_name,source,title,introduction,date,url
nike,ESG News,ESG News Week In Review: 25 February – 09 March,"In this week’s ESG News Week In Review , regulators tightened climate disclosure and financial risk oversight as governments recalibrated transition policy. Singapore introduced climate transition risk rules for banks and insurers, California set an August 2026 deadline for corporate climate disclosures affecting more than 4,000 companies, and South Korea advanced ISSB-aligned reporting for major listed firms. In Europe, the EU proposed an Industrial Accelerator Act to scale low-carbon manufacturing while Italy called for a pause in the carbon market amid growing ETS tensions.",2026-03-09,https://esgnews.com/esg-news-week-in-review-25-february-09-march/
nike,ESG News,Nike Appoints Cimarron Nix as Chief Sustainability Officer To Lead Global ESG Strategy,"Nike has appointed Cimarron Nix as its new Chief Sustainability Officer, placing a longtime supply chain and labor standards executive at the center of the company’s global ESG strategy.",2026-03-04,https://esgnews.com/nike-appoints-cimarron-nix-chief-sustainability-officer-to-lead-global-esg-strategy/
nike,ESG News,Mitsui Signs Solar VPPA With NIKE Japan to Deliver 100% Renewable Power Across Operations,Mitsui & Co. Project Solutions have signed a long term virtual power purchase agreement with NIKE Japan Group to supply renewable energy attributes generated from domestic solar power projects. The agreement allows NIKE Japan to match all electricity consumed across its owned and operated facilities with renewable energy.,2026-02-24,https://esgnews.com/mitsui-signs-solar-vppa-with-nike-japan-to-deliver-100-renewable-power-across-operations/
nike,ESG News,ESG News Week In Review: : 09 November – 16 November,"In this week’s ESG News Week In Review , the global sustainability landscape entered a phase of recalibration — not retreat — as governments, markets, and corporates aligned around a more pragmatic, technology-driven transition.",2025-11-16,https://esgnews.com/esg-news-week-in-review-09-november-16-november/
nike,ESG News,Nike Expands Circular Polyester Sourcing With Syre and Loop Industries,"Nike has signed twin multi-year agreements with clean-tech innovators Syre and Loop Industries to secure large-scale supply of textile-to-textile circular polyester, accelerating its drive toward a fully closed-loop materials strategy.",2025-11-12,https://esgnews.com/nike-expands-circular-polyester-sourcing-with-syre-and-loop-industries/
nike,ESG News,Apollo Appoints Former Nike Executive Jaycee Pribulsky as Partner and Chief Sustainability Officer,"Apollo Global Management has named Jaycee Pribulsky as Partner and Chief Sustainability Officer, effective October 1, marking a significant leadership transition at one of the world’s largest alternative asset managers.",2025-10-02,https://esgnews.com/apollo-appoints-former-nike-executive-jaycee-pribulsky-as-partner-and-chief-sustainability-officer/
nike,ESG News,Lululemon Appoints Former Nike CSO Noel Kinder to Drive Global Sustainability Strategy,"Lululemon has appointed Noel Kinder , Nike’s former Chief Sustainability Officer, as Senior Vice President of Sustainability , signaling a renewed push to accelerate its impact agenda and ESG performance .",2025-05-22,https://esgnews.com/lululemon-appoints-former-nike-cso-noel-kinder-to-drive-global-sustainability-strategy/
nike,ESG News,Will Paris 2024 be the greenest Olympics in history?,"Paris 2024 is set to be the greenest Olympics ever, targeting a carbon footprint half that of London 2012 and Rio 2016, which were 3.3 million and 3.6 million tonnes of CO2 respectively.",2024-07-23,https://esgnews.com/will-paris-2024-be-the-greenest-olympics-in-history/
nike,ESG News,New Report Criticizes Major Fashion Brands for Ongoing Fossil Fuel Use and Lack of Renewable Energy Initiatives,"Report assesses 11 apparel and footwear companies’ insufficient efforts to eliminate fossil fuels from supply chains, manufacturing, shipping",2024-06-03,https://esgnews.com/new-report-criticizes-major-fashion-brands-for-ongoing-fossil-fuel-use-and-lack-of-renewable-energy-initiatives/
nike,ESG News,ESG News Week In Review: 29 April – 05 May,Welcome back to the ESG News Week In Review!,2024-05-04,https://esgnews.com/esg-news-week-in-review-29-april-05-may/
nike,ESG News,Shaping the Future of Fashion: Sustainable Practices and Realistic Solutions,"Fashion, a dynamic and ever-evolving industry, holds immense power to influence culture and consumption patterns. However, its rapid growth often comes at a significant environmental and social cost. In recent years, the fashion industry has faced mounting pressure to address its unsustainable practices, leading to a surge in initiatives aimed at promoting sustainability. Additionally, governments worldwide, including the European Union (EU), have begun implementing policies and regulations to tackle the environmental impact of fast fashion.",2024-05-03,https://esgnews.com/shaping-the-future-of-fashion-sustainable-practices-and-realistic-solutions/
nike,ESG News,ESG News Releases ‘Top 14 Inspiring Women Leading The Fight Against Climate Change’,"Women have been instrumental in driving the sustainability movement forward. From advocating for climate justice to developing innovative solutions to environmental challenges, women play a critical role in creating a more sustainable world.",2024-03-08,https://esgnews.com/esg-news-releases-top-14-inspiring-women-leading-the-fight-against-climate-change/
nike,ESG News,Jaclyn Noble: The EU is Clearing the Chaos of Environmental Claims,"The European Union (EU) is on a mission to rescue us from the confusion and chaos of eco-marketing claims, and it is perfect timing as we head into a new year! This past week, by an overwhelming majority, the EU voted to adopt new laws which will better protect consumer rights, promote environmentally friendly purchase decisions and support a circular economy that reuses and recycles products.",2024-02-09,https://esgnews.com/jaclyn-noble-the-eu-is-clearing-the-chaos-of-environmental-claims/
nike,ESG News,From Farm to Fashion: Embracing Regenerative Cotton Farming for Nature Positive Apparel,"At the beginning of January, I journeyed to the heart of the Magnolia State, far from the glitz of the Elvis Museum, to visit a cotton farm nestled at the edge of the mighty Mississippi river. This unconventional pilgrimage allowed me to witness the very roots of fashion – literally. Despite cotton’s status as the second most used fiber next to polyester, retailers seldom explore the farm when evaluating the cotton supply chain. Yet, a transformative shift seems imminent, signaling a long overdue change in the way the industry perceives and engages with the source of its most fundamental material.",2024-01-26,https://esgnews.com/from-farm-to-fashion-embracing-regenerative-cotton-farming-for-nature-positive-apparel/
nike,ESG News,"Textile Waste: Reduce, Reuse, Recycle","Guest Blogger : Jaclyn Noble is an experienced and accomplished textile supply chain expert with over 20 years of leadership experience for renowned USA retail brands including Spanx, Coach, The North Face, and Victoria’s Secret. Originally from Scotland, she obtained her degree in Textile Technology before relocating to Hong Kong. In 2002, she settled her family in Westport, where she has been an active member of the community. Jaclyn is the proud mom of three, fun, young adults who all attended Long Lots, Bedford, and Staples. Additionally, she shares her life with two beloved Spaniels, Maxi and Sunny, who can frequently be seen enjoying Winslow Park.",2024-01-04,https://esgnews.com/textile-waste-reduce-reuse-recycle/
nike,ESG News,The Climate Drive Empowers Supply Chain to Accelerate Decarbonization Efforts,"Launched earlier this year by WBCSD, The Climate Drive is a game-changing platform designed to support businesses and their suppliers in speeding up decarbonization efforts. It is now expanding its content offering, featuring a comprehensive Net Zero Guidebook soon available in additional languages, along with an Action Library of around 100 decarbonization actions and case studies that provide practical insights into business impact and implementation for effective climate action.",2023-11-23,https://esgnews.com/the-climate-drive-empowers-supply-chain-to-accelerate-decarbonization-efforts/
nike,ESG News,The Swifting ESG Landscape: Why Taylor Swift is the New “T” in ESG,"ESG was born out of a pretty simple idea. There are Environmental, Social, and Governance factors that can have a profound impact on a company. These non-financial issues can have a financial impact on the company, but it goes well beyond risks. Understanding these outside forces well can represent an opportunity for a company.",2023-11-17,https://esgnews.com/the-swifting-esg-landscape-why-taylor-swift-is-the-new-t-in-esg/
nike,ESG News,"Shanghai Electric, Johnson Controls Forge Alliance to Advance Zero-Carbon Industrial Parks","Shanghai Electric announced to ink the “Carbon & Digital” Joint Laboratory Strategic Cooperation Agreement with Johnson Controls Inc. (Johnson Controls) during the China International Import Expo (CIIE) 2023, a move that will strengthen the pair’s synergy as they endeavor to fuel innovation for urban sustainability. The partnership, with its focus on expediting the development of zero-carbon factories and industrial parks, will see the two companies establish a green and low-carbon supply chain system in an effort to empower the energy sector to enhance efficiency and reduce carbon footprints.",2023-11-14,https://esgnews.com/shanghai-electric-johnson-controls-forge-alliance-to-advance-zero-carbon-industrial-parks/
nike,ESG News,Singapore’s Sembcorp to Invest $10.5 Billion to Drive Global Energy Transition,"Sembcorp Industries (Sembcorp) announced its 2023-2028 strategic plan, reaffirming its commitment to transform its portfolio from brown to green and drive energy transition.",2023-11-06,https://esgnews.com/singapores-sembcorp-to-invest-10-5-billion-to-drive-global-energy-transition/
nike,ESG News,"Apple, Nike Launch Clean Energy Procurement Academy to Decarbonize Global Supply Chains","The Clean Energy Procurement Academy launched to equip companies with the skills and knowledge required to access clean energy with foundational support from Apple, Amazon, Meta, Nike, PepsiCo, and REI Co-op.",2023-11-03,https://esgnews.com/apple-nike-launch-clean-energy-procurement-academy-to-decarbonize-global-supply-chains/
nike,ESG News,EU Proposes Industrial Accelerator Act To Boost Low Carbon Manufacturing,"The European Commission has unveiled the Industrial Accelerator Act, a sweeping legislative proposal designed to boost demand for low carbon technologies produced in Europe while reinforcing the region’s industrial base amid rising global competition.",2026-03-05,https://esgnews.com/eu-proposes-industrial-accelerator-act-to-boost-low-carbon-manufacturing/
nike,ESG News,China Targets 17% Carbon Intensity Cut By 2030 In New Climate Plan,China has released a new five-year economic decarbonisation plan that seeks to reduce emissions intensity while maintaining energy security in the world’s second-largest economy.,2026-03-05,https://esgnews.com/china-targets-17-carbon-intensity-cut-by-2030-in-new-climate-plan/
nike,ESG News,South Korea Moves Toward Mandatory ISSB-Aligned Climate Disclosures For Large KOSPI Firms,"The Korean Financial Services Commission (FSC) has launched a consultation on a national roadmap that would introduce mandatory sustainability reporting for major listed companies, aligning the country’s disclosure framework with global standards developed by the International Sustainability Standards Board.",2026-03-05,https://esgnews.com/south-korea-moves-toward-mandatory-issb-aligned-climate-disclosures-for-large-kospi-firms/
nike,ESG News,"Google Commits $50 Million to Cut Methane, Other Superpollutants Through 2030","Google has pledged at least $50 million through 2030 to eliminate some of the most powerful greenhouse gases warming the planet, joining a new corporate coalition focused on rapidly cutting so-called superpollutants.",2026-03-06,https://esgnews.com/google-commits-50-million-to-cut-methane-other-superpollutants-through-2030/
nike,ESG News,Mantle8 Secures $2.2M EU Just Transition Fund Grant For Natural Hydrogen Tech,"Mantle8, a European natural hydrogen exploration company, has secured €2.06 million ($2.2 million) from the European Union’s Just Transition Fund to accelerate development of its natural hydrogen technology platform.",2026-03-10,https://esgnews.com/mantle8-secures-2-2m-eu-just-transition-fund-grant-for-natural-hydrogen-tech/
nike,ESG News,UK Launches Net Zero Carbon Buildings Standard To Define Credible Climate Claims Across Property Sector,"A new cross industry framework designed to define what constitutes a genuine net zero carbon building has formally launched in the UK, offering the property sector its first unified benchmark for verifying climate claims.",2026-03-10,https://esgnews.com/uk-launches-net-zero-carbon-buildings-standard-to-define-credible-climate-claims-across-property-sector/
nike,ESG News,EU Chief Calls Europe’s Nuclear Phase-Down A Strategic Mistake,"Europe’s retreat from nuclear energy over the past three decades was a “ strategic mistake ,” European Commission President Ursula von der Leyen said Tuesday, arguing that the shift has left the region vulnerable to volatile fossil fuel markets at a time of rising geopolitical tension.",2026-03-10,https://esgnews.com/eu-chief-calls-europes-nuclear-phase-down-a-strategic-mistake/
nike,ESG News,German Start-Up Polarise Targets 30 MW AI Data Centre Expansion,A German technology start-up is moving to expand Europe’s control over artificial intelligence infrastructure with plans to build a major new data centre that could double the country’s domestically operated computing capacity.,2026-03-10,https://esgnews.com/german-start-up-polarise-targets-30-mw-ai-data-centre-expansion/
nike,ESG News,The Climate Drive Empowers Supply Chain to Accelerate Decarbonization Efforts,"Launched earlier this year by WBCSD, The Climate Drive is a game-changing platform designed to support businesses and their suppliers in speeding up decarbonization efforts. It is now expanding its content offering, featuring a comprehensive Net Zero Guidebook soon available in additional languages, along with an Action Library of around 100 decarbonization actions and case studies that provide practical insights into business impact and implementation for effective climate action.",2023-11-23,https://esgnews.com/the-climate-drive-empowers-supply-chain-to-accelerate-decarbonization-efforts/
nike,ESG News,The Swifting ESG Landscape: Why Taylor Swift is the New “T” in ESG,"ESG was born out of a pretty simple idea. There are Environmental, Social, and Governance factors that can have a profound impact on a company. These non-financial issues can have a financial impact on the company, but it goes well beyond risks. Understanding these outside forces well can represent an opportunity for a company.",2023-11-17,https://esgnews.com/the-swifting-esg-landscape-why-taylor-swift-is-the-new-t-in-esg/
nike,ESG News,"Shanghai Electric, Johnson Controls Forge Alliance to Advance Zero-Carbon Industrial Parks","Shanghai Electric announced to ink the “Carbon & Digital” Joint Laboratory Strategic Cooperation Agreement with Johnson Controls Inc. (Johnson Controls) during the China International Import Expo (CIIE) 2023, a move that will strengthen the pair’s synergy as they endeavor to fuel innovation for urban sustainability. The partnership, with its focus on expediting the development of zero-carbon factories and industrial parks, will see the two companies establish a green and low-carbon supply chain system in an effort to empower the energy sector to enhance efficiency and reduce carbon footprints.",2023-11-14,https://esgnews.com/shanghai-electric-johnson-controls-forge-alliance-to-advance-zero-carbon-industrial-parks/
nike,ESG News,Singapore’s Sembcorp to Invest $10.5 Billion to Drive Global Energy Transition,"Sembcorp Industries (Sembcorp) announced its 2023-2028 strategic plan, reaffirming its commitment to transform its portfolio from brown to green and drive energy transition.",2023-11-06,https://esgnews.com/singapores-sembcorp-to-invest-10-5-billion-to-drive-global-energy-transition/
nike,ESG News,"Apple, Nike Launch Clean Energy Procurement Academy to Decarbonize Global Supply Chains","The Clean Energy Procurement Academy launched to equip companies with the skills and knowledge required to access clean energy with foundational support from Apple, Amazon, Meta, Nike, PepsiCo, and REI Co-op.",2023-11-03,https://esgnews.com/apple-nike-launch-clean-energy-procurement-academy-to-decarbonize-global-supply-chains/
nike,ESG News,How Nike Is Improving Communities’ Climate Resilience,What to know,2023-10-26,https://esgnews.com/how-nike-is-improving-communities-climate-resilience/
nike,ESG News,Nike and Spotify Launch Make Moves Fund to Help Girls Improve Mental Well-Being,"Movement and music are proven to have a profound and positive impact on mental well-being, creating keys to unlock self-expression, confidence and joy. Dance in particular is an easily accessible form of movement and way to express individuality and create connection.",2023-10-13,https://esgnews.com/nike-and-spotify-launch-make-moves-fund-to-help-girls-improve-mental-well-being/
nike,ESG News,World Shoe Launches Eco-friendly Footwear Factory in Ghana,"More than five million shoes will be produced annually with a revolutionary design that combines performance function, environmental sustainability, and disease protection.",2023-10-11,https://esgnews.com/world-shoe-launches-eco-friendly-footwear-factory-in-ghana/
nike,ESG News,"Nike Launches ISPA Link Axis, a 100% Recyclable Shoe.","Make the bold bolder. That’s the vibe of the new Nike ISPA Link Axis, Nike’s first exploration into creating a fully circular shoe, furthering its culture of innovation.",2023-09-11,https://esgnews.com/nike-launches-ispa-link-axis-a-100-recyclable-shoe/
nike,ESG News,Nike Teams With Olympic Refuge Foundation,"Nike believes that the power of sport can move the world forward. That taking action to create a better world — one that is more active, inclusive and equitable for everyone — means prioritizing those who face the greatest barriers, including displaced community members.",2023-09-06,https://esgnews.com/nike-teams-with-olympic-refuge-foundation/
nike,ESG News,Nike’s New Global Football Program Helps Drive Gender Equity in Sport,"As the world watches its most elite footballers compete in Australia and New Zealand, Nike is proud to introduce a new program to help grow the game’s future players.",2023-08-22,https://esgnews.com/nikes-new-global-football-program-helps-drive-gender-equity-in-sport/
nike,ESG News,Startups Racing to Solve Fashion’s Fossil-Fueled Challenge,"Transferring dye to fabric is incredibly carbon-intensive. Newer sustainable techniques, including coloring with carbon dioxide, may help.",2023-08-18,https://esgnews.com/startups-racing-to-solve-fashions-fossil-fueled-challenge/
nike,ESG News,ESG News: Week in Review,May 2023 Week-4; NGHC closes $8.4 billion green hydrogen plant; ADNOC and TAQA announce $2.4 billion for sustainable water supply; Enel to invest $1 billion in Oklahoma solar facility; Severn Trent to invest $1.3 billion to improve environmental standards; Nike launches hydrogen-powered ship with zero carbon emissions; Volvo to buy half of Swedish wind farm’s power; FedEx launches tool for customer emissions tracking; KPMG and Microsoft to launch ESG digital solutions for businesses…,2023-05-26,https://esgnews.com/esg-news-week-in-review-18/
nike,ESG News,Nike Launches First Hydrogen-Powered Inland Container Ship With Zero Carbon Emissions,"Nike’s ultimate goal is a zero-carbon, zero-waste future. With the launch of the world’s first hydrogen-powered inland container ship, Nike is taking action to help create a better world for all athletes and taking another step on its Move To Zero journey.",2023-05-24,https://esgnews.com/nike-launches-first-hydrogen-powered-inland-container-ship-with-zero-carbon-emissions/
nike,ESG News,How ESG Influence Profitability and Transparency in FT 500 Companies Presented in New Research From CSE,"For the sixth consecutive year, the Center for Sustainability and Excellence announced the unique findings from its Research in ESG Ratings and Reporting Trends , focusing on ESG best practices and standards used in 2022. CSE’s research examined the ESG practices and commitments of more than 400 FT 500 companies in North America and Europe from 31 sectors, with a high percentage of profitability within the last years. CSE’s research identified the Top 25 ESG Performing Companies and Top 10 per Sector and explored common success practices, including the most widely used ESG Standards and goals setting.",2023-01-18,https://esgnews.com/how-esg-influence-profitability-and-transparency-in-ft-500-companies-presented-in-new-research-from-cse/
nike,ESG News,EU Proposes Industrial Accelerator Act To Boost Low Carbon Manufacturing,"The European Commission has unveiled the Industrial Accelerator Act, a sweeping legislative proposal designed to boost demand for low carbon technologies produced in Europe while reinforcing the region’s industrial base amid rising global competition.",2026-03-05,https://esgnews.com/eu-proposes-industrial-accelerator-act-to-boost-low-carbon-manufacturing/
nike,ESG News,China Targets 17% Carbon Intensity Cut By 2030 In New Climate Plan,China has released a new five-year economic decarbonisation plan that seeks to reduce emissions intensity while maintaining energy security in the world’s second-largest economy.,2026-03-05,https://esgnews.com/china-targets-17-carbon-intensity-cut-by-2030-in-new-climate-plan/
nike,ESG News,South Korea Moves Toward Mandatory ISSB-Aligned Climate Disclosures For Large KOSPI Firms,"The Korean Financial Services Commission (FSC) has launched a consultation on a national roadmap that would introduce mandatory sustainability reporting for major listed companies, aligning the country’s disclosure framework with global standards developed by the International Sustainability Standards Board.",2026-03-05,https://esgnews.com/south-korea-moves-toward-mandatory-issb-aligned-climate-disclosures-for-large-kospi-firms/
nike,ESG News,"Google Commits $50 Million to Cut Methane, Other Superpollutants Through 2030","Google has pledged at least $50 million through 2030 to eliminate some of the most powerful greenhouse gases warming the planet, joining a new corporate coalition focused on rapidly cutting so-called superpollutants.",2026-03-06,https://esgnews.com/google-commits-50-million-to-cut-methane-other-superpollutants-through-2030/
nike,ESG News,Mantle8 Secures $2.2M EU Just Transition Fund Grant For Natural Hydrogen Tech,"Mantle8, a European natural hydrogen exploration company, has secured €2.06 million ($2.2 million) from the European Union’s Just Transition Fund to accelerate development of its natural hydrogen technology platform.",2026-03-10,https://esgnews.com/mantle8-secures-2-2m-eu-just-transition-fund-grant-for-natural-hydrogen-tech/
nike,ESG News,UK Launches Net Zero Carbon Buildings Standard To Define Credible Climate Claims Across Property Sector,"A new cross industry framework designed to define what constitutes a genuine net zero carbon building has formally launched in the UK, offering the property sector its first unified benchmark for verifying climate claims.",2026-03-10,https://esgnews.com/uk-launches-net-zero-carbon-buildings-standard-to-define-credible-climate-claims-across-property-sector/
nike,ESG News,EU Chief Calls Europe’s Nuclear Phase-Down A Strategic Mistake,"Europe’s retreat from nuclear energy over the past three decades was a “ strategic mistake ,” European Commission President Ursula von der Leyen said Tuesday, arguing that the shift has left the region vulnerable to volatile fossil fuel markets at a time of rising geopolitical tension.",2026-03-10,https://esgnews.com/eu-chief-calls-europes-nuclear-phase-down-a-strategic-mistake/
nike,ESG News,German Start-Up Polarise Targets 30 MW AI Data Centre Expansion,A German technology start-up is moving to expand Europe’s control over artificial intelligence infrastructure with plans to build a major new data centre that could double the country’s domestically operated computing capacity.,2026-03-10,https://esgnews.com/german-start-up-polarise-targets-30-mw-ai-data-centre-expansion/
nike,ESG News,Sustainable Shoe Brand Rice Launches Vegan Sneaker,"Sustainable footwear brand Rice from Spain has introduced a completely vegan sneaker. The all-black “Open21” is made not only from various sustainable materials such as vegan corn and apple leather, organic cotton and recycled materials, but also from real rice grains: the outer sole has a visible rice texture.",2023-01-05,https://esgnews.com/sustainable-shoe-brand-rice-launches-vegan-sneaker/
nike,ESG Dive,"Trump’s anti-DEI orders stand for now, but future challenges can’t be ruled out","The White House is emboldened to act “aggressively,” making it important for employers to audit their DEI programs, management-side attorneys say.",2026-03-05,https://www.esgdive.com/news/trump-anti-dei-orders-stand-future-challenges/813931/
nike,ESG Dive,Nike signs agreement to power Japan operations with solar energy,"The athletic footwear and apparel brand’s Japan subsidiary has signed a virtual power purchase agreement with Mitsui & Co., which will supply Nike with clean electricity for its operations.",2026-02-25,https://www.esgdive.com/news/nike-mitsui-sign-ppa-to-power-japan-operations-with-solar-energy/813136/
nike,ESG Dive,Legal group claims victory after EEOC ‘retreated’ on law firm DEI letters,"Most of the 20 major law firms that received letters declined to provide the requested information, and the agency said it “considers the matter of responding to those letters closed.”",2026-02-11,https://www.esgdive.com/news/eeoc-law-firms-end-lawsuit-dei-practices/811979/
nike,ESG Dive,Nike among the first targeted by EEOC for DEI activity,The retail giant called the commission’s attempt to enforce an administrative subpoena Wednesday a “surprising and unusual escalation.”,2026-02-05,https://www.esgdive.com/news/eeoc-nike-anti-white-bias-subpoena-dei/811464/
nike,ESG Dive,Circularity in fashion is ‘mainstream’ but progress slowing: report,The 2025 Circular Fashion Index from Kearney found that a lack of a clear business case for circularity is holding up efforts.,2025-07-22,https://www.esgdive.com/news/kearney-circular-fashion-index-sustainability-circularity-mainstream/753635/
nike,ESG Dive,K-leather ban reintroduced in US Senate in effort to curb kangaroo skin trade,"The Kangaroo Protection Act prohibits the sale and manufacturing of products made from kangaroo skin and carries fines of up to $10,000.",2025-06-27,https://www.esgdive.com/news/kangaroo-protection-act-2025-duckworth-booker-social-responsibility/751863/
nike,ESG Dive,Lululemon taps ex-Nike CSO for senior sustainability role,Noel Kinder will oversee the apparel brand’s internal and external green strategies in his role as senior vice president of sustainability.,2025-05-21,https://www.esgdive.com/news/lululemon-taps-ex-nike-cso-for-senior-sustainability-role-noel-kinder/748759/
nike,ESG Dive,Disney shareholders vote to remain in embattled LGBTQ+ ranking,Only 1% of shareholders voted in favor of stepping back from the Human Rights Campaign’s Corporate Equality Index.,2025-03-26,https://www.esgdive.com/news/disney-shareholders-vote-to-remain-in-embattled-lgbtq-ranking/743612/
nike,ESG Dive,"Shein unveils denim printing process designed to reduce water, energy use",The fast fashion giant said the number of products it created using the technology increased by 90% last year.,2025-01-13,https://www.esgdive.com/news/shein-denim-tech-reduced-energy-use/737183/
nike,ESG Dive,Shein faces greenwashing investigation in Italy,The Italian Competition Authority is accusing the fast fashion giant of posting misleading sustainability claims on its website.,2024-10-03,https://www.esgdive.com/news/shein-greenwashing-complaint-italy-fast-fashion/728718/
nike,ESG Dive,Shein reports 2 cases of child labor in its supply chain,"The fast fashion giant discovered the cases last year, and suspended orders from the manufacturers pending “appropriate remediation.”",2024-08-26,https://www.esgdive.com/news/shein-reports-child-labor-violations-supply-chain/725218/
nike,ESG Dive,"Tractor Supply retreats on DEI, climate after ‘anti-woke’ backlash. Now the real fallout begins.","The retailer’s pullback of its corporate diversity and climate efforts could alienate some customers, employees and investors.",2024-07-15,https://www.esgdive.com/news/tractor-supply-woke-DEI-consequences-uncertainty/721269/
nike,ESG Dive,Shein factory employees work long hours under poor conditions: report,"Following allegations from human rights group Public Eye, the fast fashion giant said it invests tens of millions of dollars into strengthening its supply chain governance and compliance.",2024-05-21,https://www.esgdive.com/news/shein-public-eye-factory-workers-hours-wage/716745/
nike,ESG Dive,Apple reports it’s halved emissions since 2015 for goal of carbon neutrality by 2030,"The Cupertino, California-based tech giant also set new 2030 goals for clean energy and clean water.",2024-04-22,https://www.esgdive.com/news/apple-2023-environmental-reports-emissions-halved-since-2015-carbon-neutral-esg/713873/
nike,ESG Dive,Flexing for the planet: How Walmart crushed its supplier emissions target,"The retail giant leaned on education, financing and recognition to get its supply chain on board with Project Gigaton, a sustainability executive with the company told Supply Chain Dive.",2024-03-22,https://www.esgdive.com/news/walmart-project-gigaton-scope-3-supplier-emissions-ron-voglewede/711104/
nike,ESG Dive,"Target, Starbucks top racial and gender pay scorecard while Nike slides: report","The scorecard, the seventh annual from Arjuna Capital, surveyed over 128 companies across seven sectors.",2024-03-14,https://www.esgdive.com/news/target-starbucks-top-racial-and-gender-pay-scorecard-Arjuna-Capital/710346/
nike,ESG Dive,Walmart hits supplier emissions goal 6 years early,The retailer’s vendors have already reported enough projects to fulfill Project Gigaton’s target of cutting 1 billion metric tons of greenhouse gases from its supply chain.,2024-02-23,https://www.esgdive.com/news/walmart-project-gigaton-scope-3-supplier-emissions-6-years-early/708327/
nike,ESG Dive,"Shell rebrands climate tech company Studio X as Onward, eyes net-zero economy",The updated energy venture falls in line with the oil major’s goal to become a net-zero emissions energy business by 2050.,2024-02-08,https://www.esgdive.com/news/shell-rebrands-climate-tech-company-studio-x-as-onward/707019/
nike,ESG Dive,"Amazon prioritizing ESG in procurement, but gathering data is ‘increasingly painstaking’",Buyers said getting information from suppliers is difficult because of research and data collection challenges combined with time constraints.,2023-11-21,https://www.esgdive.com/news/amazon-prioritizing-esg-in-procurement-but-gathering-data-is-difficult/700471/
nike,ESG Dive,Sustainable Apparel Coalition CEO to step down,Amina Razvi will leave the nonprofit coalition of fashion industry brands in December.,2023-11-16,https://www.esgdive.com/news/sustainable-apparel-coalition-ceo-leaves/700273/
nike,ESG Dive,Estée Lauder says it has hit global pay equity target in select sectors,The beauty and fragrance brand also said it has reached carbon neutrality for scope 1 and scope 2 emissions for the fourth consecutive year during an earnings call.,2023-11-03,https://www.esgdive.com/news/estee-lauder-says-it-has-hit-global-pay-equity-target-in-select-sectors/698757/
nike,ESG Dive,"Apple, Nike and others back new clean energy project to decarbonize supply chains","The Clean Energy Procurement Academy, whose founding members also include Amazon, Meta and PepsiCo, aims to boost clean energy procurement and curb emissions.",2023-11-01,https://www.esgdive.com/news/apple-nike-clean-energy-procurement-academy-decarbonize-supply-chain/698465/
nike,ESG Dive,Apparel firms rank in top 100 public companies on ESG disclosures,"The 100 Best Corporate Citizens report found that Nike, VF Corp. and Ralph Lauren ranked highly in environmental and social practices.",2023-10-25,https://www.esgdive.com/news/corporate-citizens-Nike-Target-VFCorp-ESG/697068/
nike,ESG Today,Nike Appoints New Chief Sustainability Officer,Companies / Executive Moves,2026-03-04,https://www.esgtoday.com/nike-appoints-new-chief-sustainability-officer/
nike,ESG Today,Nike Sources 100% Clean Electricity for Japan Operations,Companies / Energy Transition,2026-02-24,https://www.esgtoday.com/nike-sources-100-clean-electricity-for-japan-operations/
nike,ESG Today,Nike Hit with Federal Investigation Alleging Discrimination Against White Workers in U.S. DEI Crackdown,Companies / Government,2026-02-05,https://www.esgtoday.com/nike-hit-with-federal-investigation-alleging-discrimination-against-white-workers-in-u-s-dei-crackdown/
nike,ESG Today,"UK Watchdog Bans Nike, Lacoste Ads Over Sustainability Claims",Companies / Regulators,2025-12-04,https://www.esgtoday.com/uk-watchdog-bans-nike-lacoste-ads-over-sustainability-claims/
nike,ESG Today,"Nike Signs Deals for Recycled Materials with Cleantech Startups Syre, Loop",Companies / Environment,2025-11-11,https://www.esgtoday.com/nike-signs-deals-for-recycled-materials-with-cleantech-startups-syre-loop/
nike,ESG Today,Lululemon Appoints Former Nike CSO as New Sustainability Head,Companies / Executive Moves,2025-05-21,https://www.esgtoday.com/lululemon-appoints-former-nike-cso-as-new-sustainability-head/
nike,ESG Today,"Apple, Nike, Launch Initiative to Accelerate Adoption of Clean Energy in Supply Chains",Companies / Energy Transition,2023-10-30,https://www.esgtoday.com/apple-nike-launch-initiative-to-accelerate-adoption-of-clean-energy-in-supply-chains/
nike,ESG Today,Nike Launches First-Ever Hydrogen-Powered Inland Container Ship,Companies / Energy Transition,2023-05-25,https://www.esgtoday.com/nike-launches-first-ever-hydrogen-powered-inland-container-ship/
nike,ESG Today,Nike Explores Use of Carbon Negative Biomaterial to Reduce Emissions Footprint,Companies / Environment,2021-08-26,https://www.esgtoday.com/nike-explores-use-of-carbon-negative-biomaterial-to-reduce-emissions-footprint/
nike,ESG Today,"Nike Launches Broad Set of 2025 Sustainability Targets, Ties Exec Comp to ESG Goals",Companies / Environment / Social,2021-03-16,https://www.esgtoday.com/nike-launches-broad-set-of-2025-sustainability-targets-ties-exec-comp-to-esg-goals/
nike,ESG Today,ESG Today: Week in Review,ESG News,2026-03-08,https://www.esgtoday.com/esg-today-week-in-review-251/
nike,ESG Today,ESG Today: Week in Review,ESG News,2026-03-01,https://www.esgtoday.com/esg-today-week-in-review-250/
nike,ESG Today,"U.S. Court Dismisses Missouri Anti-DEI Case Against Starbucks, Finding No Indication “that Discrimination Actually Took Place”",Companies / Government / Social,2026-02-09,https://www.esgtoday.com/court-dismisses-missouri-anti-dei-case-against-starbucks-finding-no-indication-that-discrimination-actually-took-place/
nike,ESG Today,ESG Today: Week in Review,ESG News,2026-02-08,https://www.esgtoday.com/esg-today-week-in-review-247/
nike,ESG Today,ESG Today: Week in Review,ESG News,2025-12-07,https://www.esgtoday.com/esg-today-week-in-review-240/
nike,ESG Today,ESG Today: Week in Review,ESG News,2025-11-16,https://www.esgtoday.com/esg-today-week-in-review-238/
nike,ESG Today,Apollo Appoints Jaycee Pribulsky as Chief Sustainability Officer,Executive Moves / Private Equity & Venture Capital,2025-10-20,https://www.esgtoday.com/apollo-appoints-jaycee-pribulsky-as-chief-sustainability-officer/
nike,ESG Today,ESG Today: Week in Review,ESG News,2025-05-25,https://www.esgtoday.com/esg-today-week-in-review-215/
nike,ESG Today,Colgate Women’s Games Officially Kicks off 49th Season with Return to Indoor Competition,,2024-11-12,https://www.esgtoday.com/colgate-womens-games-officially-kicks-off-49th-season-with-return-to-indoor-competition/
nike,ESG Today,ESG Today: Week in Review,ESG News,2023-11-05,https://www.esgtoday.com/esg-today-week-in-review-145/
nike,ESG Today,A Global Turning Point: Unprecedented Industry Collaboration Paves Way for Decarbonization of Supply Chains,,2023-10-25,https://www.esgtoday.com/a-global-turning-point-unprecedented-industry-collaboration-paves-way-for-decarbonization-of-supply-chains/
nike,ESG Today,Prime Healthcare and its Hospitals are Nationally Recognized by the Lown Institute as among America’s Most Socially Responsible Healthcare Providers,,2023-09-27,https://www.esgtoday.com/prime-healthcare-and-its-hospitals-are-nationally-recognized-by-the-lown-institute-as-among-americas-most-socially-responsible-healthcare-providers/
nike,ESG Today,Sustainable Materials Provider Newlight Raises $125 Million,Environment / Private Equity & Venture Capital,2023-08-07,https://www.esgtoday.com/sustainable-materials-tech-provider-newlight-raises-125-million/
nike,ESG Today,ESG Today: Week in Review,ESG News,2023-05-28,https://www.esgtoday.com/esg-today-week-in-review-124/
nike,ESG Today,Guest Post: The Impact of ESG on Proxy Season and Proxy Voting,Guest Posts / Investors,2022-10-20,https://www.esgtoday.com/guest-post-the-impact-of-esg-on-proxy-season-and-proxy-voting/
nike,ESG Today,TPG Raises Over $7 Billion for Climate Solutions Fund,Energy Transition / Investors / Private Equity & Venture Capital,2022-04-28,https://www.esgtoday.com/tpg-raises-over-7-billion-for-climate-solutions-fund/
nike,ESG Today,JetBlue Venture Fund Joins TPG’s Climate Solutions Fund as Limited Partner,Energy Transition / Environment / Investors / Private Equity & Venture Capital,2022-04-20,https://www.esgtoday.com/jetblue-venture-fund-joins-tpgs-climate-solutions-fund-as-limited-partner/
nike,ESG Today,Guest Post: Three Quick Adjustments to Your ESG Plan That Would Boost Your Rating,"ESG Tools, Services / Guest Posts",2022-01-12,https://www.esgtoday.com/guest-post-three-quick-adjustments-to-your-esg-plan-that-would-boost-your-rating/
nike,ESG Today,ESG Today Year in Review: 2021 Sets the Stage for ESG Acceleration,ESG News,2021-12-30,https://www.esgtoday.com/esg-today-year-in-review-2021-sets-the-stage-for-esg-acceleration/
nike,ESG Today,ESG Today: Week in Review,ESG News,2021-08-29,https://www.esgtoday.com/esg-today-week-in-review-41/
nike,ESG Today,TPG Raises Over $5 Billion for Climate Impact Fund,Investors / New funds & products / Private Equity & Venture Capital,2021-07-27,https://www.esgtoday.com/tpg-raises-over-5-billion-for-climate-impact-fund/
nike,ESG Today,United Airlines Launches Program Enabling Companies to Address Travel Impact Through SAF Purchases,Companies / Environment,2021-04-13,https://www.esgtoday.com/united-airlines-launches-program-enabling-companies-to-address-travel-impact-through-saf-purchases/
nike,ESG Today,ESG Today: Week in Review,ESG News,2021-03-21,https://www.esgtoday.com/esg-today-week-in-review-18/
nike,ESG Today,"Guest Post: ESG Data, Reporting, and Management are Ripe for Digital Disruption",Guest Posts,2021-02-18,https://www.esgtoday.com/esg-data-reporting-and-management-are-ripe-for-digital-disruption/
nike,ESG Today,New York Life Investments Launches Health-focused ESG ETF with American Heart Association,Investors / New funds & products,2021-02-02,https://www.esgtoday.com/new-york-life-investments-launches-health-focused-esg-etf-with-american-heart-association/
nike,ESG Today,Dow Jones Sustainability Indices 2020 Review Results Announced,Investors / Platforms & Markets,2020-11-16,https://www.esgtoday.com/dow-jones-sustainability-indices-2020-review-results-announced/
nike,ESG Today,VF Corporation Appoints Lauren Guthrie to Lead Global Inclusion & Diversity Efforts,Companies / Executive Moves,2020-11-02,https://www.esgtoday.com/vf-corporation-appoints-lauren-guthrie-to-lead-global-inclusion-diversity-efforts/
nike,ESG Today,Industry Leaders Team Up For Initiative Accelerating Shift to Net Zero,Companies / Environment / Platforms & Markets,2020-07-21,https://www.esgtoday.com/industry-leaders-team-up-for-initiative-accelerating-shift-to-net-zero-emissions/
adidas,ESG News,TrusTrace Completes $24 Million Growth Investment Led by Circularity Capital to Drive Global Expansion,"TrusTrace , a global SaaS company with a market-leading platform for product traceability and compliance, has announced the completion of a (U.S.) $24 million growth investment led by Circularity Capital , a specialist investor in businesses that enable the circular economy, with participation from existing investors Industrifonden and Fairpoint Capital .",2024-01-18,https://esgnews.com/trustrace-completes-24-million-growth-investment-led-by-circularity-capital-to-drive-global-expansion/
adidas,ESG News,World Shoe Launches Eco-friendly Footwear Factory in Ghana,"More than five million shoes will be produced annually with a revolutionary design that combines performance function, environmental sustainability, and disease protection.",2023-10-11,https://esgnews.com/world-shoe-launches-eco-friendly-footwear-factory-in-ghana/
adidas,ESG Dive,"Increased production, polyester use causing fashion industry’s emissions to rise: report","The apparel sector’s greenhouse gas emissions increased to 944 million metric tons in 2023, up by 7.5% compared to 2022, according to the Apparel Impact Institute.",2025-08-05,https://www.esgdive.com/news/overproduction-polyester-use-causing-fashion-industry-emissions-to-rise-aii/756790/
adidas,ESG Dive,Circularity in fashion is ‘mainstream’ but progress slowing: report,The 2025 Circular Fashion Index from Kearney found that a lack of a clear business case for circularity is holding up efforts.,2025-07-22,https://www.esgdive.com/news/kearney-circular-fashion-index-sustainability-circularity-mainstream/753635/
adidas,ESG Dive,K-leather ban reintroduced in US Senate in effort to curb kangaroo skin trade,"The Kangaroo Protection Act prohibits the sale and manufacturing of products made from kangaroo skin and carries fines of up to $10,000.",2025-06-27,https://www.esgdive.com/news/kangaroo-protection-act-2025-duckworth-booker-social-responsibility/751863/
adidas,ESG Dive,"‘False solutions’ undermine climate goals at Shein, Lululemon","Five fashion companies strengthened their emission reduction targets but lacked a convincing plan for achieving them, according to NewClimate Institute.",2025-06-26,https://www.esgdive.com/news/hm-shein-lululemon-adidas-false-solutions-climate-report/751731/
adidas,ESG Dive,New guide to help fashion supply chains comply with global ESG regulations,TrusTrace’s fourth playbook introduces tools to help the fashion industry navigate existing and upcoming data legislation requirements.,2025-06-17,https://www.esgdive.com/news/trustrace-fashion-supply-chain-ESG-compliance-playbook/750925/
adidas,ESG Dive,"Shein unveils denim printing process designed to reduce water, energy use",The fast fashion giant said the number of products it created using the technology increased by 90% last year.,2025-01-13,https://www.esgdive.com/news/shein-denim-tech-reduced-energy-use/737183/
adidas,ESG Dive,"Supply chains of over 100 fashion brands linked to oil, gas fracking in Texas","Stand.earth identified 107 fashion companies — including H&M, Puma and Adidas — that use textile materials generated by petrochemicals linked to the Permian Basin in a new report.",2024-12-16,https://www.esgdive.com/news/supply-chains-over-100-fashion-brands-linked-texas-oil-gas-fracking/735600/
adidas,ESG Dive,Shein reports 2 cases of child labor in its supply chain,"The fast fashion giant discovered the cases last year, and suspended orders from the manufacturers pending “appropriate remediation.”",2024-08-26,https://www.esgdive.com/news/shein-reports-child-labor-violations-supply-chain/725218/
adidas,ESG Dive,Shein factory employees work long hours under poor conditions: report,"Following allegations from human rights group Public Eye, the fast fashion giant said it invests tens of millions of dollars into strengthening its supply chain governance and compliance.",2024-05-21,https://www.esgdive.com/news/shein-public-eye-factory-workers-hours-wage/716745/
adidas,ESG Dive,Garments burned for fuel in Cambodia factories causing health and environmental issues,"Waste from 19 companies including Adidas, Gap and Lululemon has been identified by the Cambodian League for the Promotion and Defense of Human Rights.",2023-11-21,https://www.esgdive.com/news/LICADHO-garments-burned-Cambodia-health-environmental/700503/
adidas,ESG Dive,Few companies on track to meet water sustainability targets: Ceres,"The sustainability nonprofit evaluated 72 companies from water-intensive industries, including PepsiCo, Coca-Cola, Unilever, Kellogg and Kraft Heinz.",2023-11-06,https://www.esgdive.com/news/few-companies-on-track-to-meet-water-sustainability-targets-ceres/698900/
adidas,ESG Dive,Adidas case slapped with amended complaint for violating ESG policies,"Shareholders amended the class-action lawsuit against the sportswear brand, which accuses it of failing to disclose ESG and DEI violations made by rapper Ye in a timely manner.",2023-10-25,https://www.esgdive.com/news/adidas-yeezy-kanye-west-amended-complaint/697803/
adidas,ESG Today,Adidas €500 Million Sustainability Bond Offering More Than 5x Oversubscribed,Companies / Sustainable Finance,2020-09-30,https://www.esgtoday.com/adidas-e500-million-sustainability-bond-offering-more-than-5x-oversubscribed/
adidas,ESG Today,Adidas Launches new Eco-friendly production fabrics,Companies / Environment,2020-01-30,https://www.esgtoday.com/adidas-launches-new-eco-friendly-production-fabrics/
adidas,ESG Today,Supply Chain Traceability Platform TrusTrace Raises $24 Million,"ESG Tools, Services / Private Equity & Venture Capital",2024-01-18,https://www.esgtoday.com/supply-chain-traceability-platform-trustrace-raises-24-million/
adidas,ESG Today,Allbirds Unveils First-Ever Zero Carbon Footprint Shoe,Companies / Environment,2023-03-22,https://www.esgtoday.com/allbirds-unveils-first-ever-zero-carbon-shoe/
adidas,ESG Today,Dow Jones Sustainability Indices 2020 Review Results Announced,Investors / Platforms & Markets,2020-11-16,https://www.esgtoday.com/dow-jones-sustainability-indices-2020-review-results-announced/
puma,ESG News,PUMA Targets 90% Scope 1 & 2 Emissions Cut and 33% Scope 3 Reduction by 2030,"PUMA has announced its Vision 2030 sustainability goals, elevating its previous commitments to create a larger impact across climate, circularity, and human rights.",2024-11-21,https://esgnews.com/puma-targets-90-scope-1-2-emissions-cut-and-33-scope-3-reduction-by-2030/
puma,ESG News,Seriti Green Launches R25 Billion Wind Farm Project in South Africa,"Seriti Green has embarked on a monumental R25 billion wind farm project in Mpumalanga, marking the first phase with the 155MW Ummbila Emoyeni facility. This development is set to transform South Africa’s renewable energy landscape.",2024-07-18,https://esgnews.com/seriti-green-launches-r25-billion-wind-farm-project-in-south-africa/
puma,ESG News,New Report Criticizes Major Fashion Brands for Ongoing Fossil Fuel Use and Lack of Renewable Energy Initiatives,"Report assesses 11 apparel and footwear companies’ insufficient efforts to eliminate fossil fuels from supply chains, manufacturing, shipping",2024-06-03,https://esgnews.com/new-report-criticizes-major-fashion-brands-for-ongoing-fossil-fuel-use-and-lack-of-renewable-energy-initiatives/
puma,ESG News,Airbus and TotalEnergies Partners for Aviation’s Green Future with SAF Initiative,Airbus and TotalEnergies have signed a strategic partnership to meet the challenges of aviation decarbonization with sustainable aviation fuel.,2024-02-21,https://esgnews.com/airbus-and-totalenergies-partners-for-aviations-green-future-with-saf-initiative/
puma,ESG News,"McDonald’s, Post Holdings, and PUMA Partner in Supplier Leadership on Climate Transition",Iconic companies across industries rise together to the urgent challenge of mobilizing suppliers on climate change,2023-09-11,https://esgnews.com/mcdonalds-post-holdings-and-puma-partner-in-supplier-leadership-on-climate-transition/
puma,ESG News,EU Cracks Down on Fast Fashion Waste,"The European Union is cracking down on fast fashion waste, with new rules that would require retailers to contribute to the cost of collecting used clothes for reuse and recycling.",2023-09-01,https://esgnews.com/eu-cracks-down-on-fast-fashion-waste/
puma,ESG News,ESG News: Week in Review,"August 2023 Week-1: Biden-Harris Administration announces $115 million to cut diesel engine emissions; Kraft Heinz announces goal to reduce use of plastic globally by 20% by 2030; BMW, Airbus and Quantinuum team for sustainable mobility research; Nissan publishes inaugural ESG data book; American Express releases 2022-2023 ESG report; DHL appoints Nicola Leske as Head of Group Communications & Sustainability…",2023-08-05,https://esgnews.com/esg-news-week-in-review-28/
puma,ESG News,PUMA Concludes Season One of Industry-first Sustainability Report Podcast Series,"The final episode of PUMA’s RE:GEN REPORTS is now available to stream: ‘ When it comes to Health and Safety, does the West know best?’ . In this episode, hosted by the Head of Knowledge Exchange at the Centre for Sustainable Fashion, Monica Buchan-Ng, PUMA’s Chief Sourcing Officer, Anne-Laure Descours, reminds audiences that it’s important for people in the North to “recognize how much people on the ground are trying to improve [factory working conditions]. ”",2023-08-02,https://esgnews.com/puma-concludes-season-one-of-industry-first-sustainability-report-podcast-series/
puma,ESG News,ESG News: Week in Review,"July 2023 Week-1: Amazon rolls out EV vans as part of €1 billion European electrification strategy; UN Chief urges net zero emissions by 2050; UN’s IMO adopts strategy to reduce GHG emissions from international shipping; California, truck manufacturers strike deal on emissions rules; NextEnergy Capital raises $480 million after close of fifth solar fund…",2023-07-08,https://esgnews.com/esg-news-week-in-review-24/
puma,ESG News,PUMA to Source Bovine Leather From Deforestation-free Supply Chains by 2030,"PUMA has signed up for the Deforestation-Free Call to Action for Leather, launched by global non-profits Textile Exchange and Leather Working Group, which aims to create equitable, transparent, and deforestation-free leather supply chains. The cross-sector initiative is aimed at galvanizing action from brands to end the deforestation and conversion of natural ecosystems linked to leather sourcing. In doing so, it looks to protect wildlife habitat and biodiversity, preserve carbon stocks to mitigate climate change, and protect human rights.",2023-07-06,https://esgnews.com/puma-to-source-bovine-leather-from-deforestation-free-supply-chains-by-2030/
puma,ESG Dive,K-leather ban reintroduced in US Senate in effort to curb kangaroo skin trade,"The Kangaroo Protection Act prohibits the sale and manufacturing of products made from kangaroo skin and carries fines of up to $10,000.",2025-06-27,https://www.esgdive.com/news/kangaroo-protection-act-2025-duckworth-booker-social-responsibility/751863/
puma,ESG Dive,"Supply chains of over 100 fashion brands linked to oil, gas fracking in Texas","Stand.earth identified 107 fashion companies — including H&M, Puma and Adidas — that use textile materials generated by petrochemicals linked to the Permian Basin in a new report.",2024-12-16,https://www.esgdive.com/news/supply-chains-over-100-fashion-brands-linked-texas-oil-gas-fracking/735600/
puma,ESG Dive,Puma expands its textile-to-textile polyester recycling program,The company said its Re:Fibre technology would be used to create most of its club and federation replica jerseys in 2024.,2023-12-20,https://www.esgdive.com/news/puma-expands-refibre-recycling-program/703050/
puma,ESG Today,"PUMA Releases New Podcast Unpacking the Past, Present and Future of Football Jerseys",,2025-10-02,https://www.esgtoday.com/puma-releases-new-podcast-unpacking-the-past-present-and-future-of-football-jerseys/
puma,ESG Today,"PUMA’s Sustainability Efforts for Climate, Water Security and Forests Receive ‘Leadership Level’ Scores From CDP",,2025-02-20,https://www.esgtoday.com/pumas-sustainability-efforts-for-climate-water-security-and-forests-receive-leadership-level-scores-from-cdp/
puma,ESG Today,PUMA’s Materials Strategy Receives Top Marks in the Material Change Index by Textile Exchange,,2024-11-26,https://www.esgtoday.com/pumas-materials-strategy-receives-top-marks-in-the-material-change-index-by-textile-exchange/
puma,ESG Today,PUMA Releases Green Flags: A New Podcast Engaging Gen-Z in Sustainability,,2024-11-21,https://www.esgtoday.com/puma-releases-green-flags-a-new-podcast-engaging-gen-z-in-sustainability/
puma,ESG Today,PUMA Commits to Slash GHG Emissions from Operations by 90% by 2030,Companies / Environment / Social,2024-11-14,https://www.esgtoday.com/puma-commits-to-slash-ghg-emissions-from-operations-by-90-by-2030/
puma,ESG Today,"PUMA unveils Vision 2030: Scaling up for bigger impact in climate, circularity and human rights",,2024-11-14,https://www.esgtoday.com/puma-unveils-vision-2030-scaling-up-for-bigger-impact-in-climate-circularity-and-human-rights/
puma,ESG Today,PUMA Inducted Into Laureus Sport for Good Index,,2024-11-12,https://www.esgtoday.com/puma-inducted-into-laureus-sport-for-good-index/
puma,ESG Today,PUMA’s ‘Stitch + Spice’ Running for Top Prize at the World’s Biggest Sustainability Film Festival,,2024-10-31,https://www.esgtoday.com/pumas-stitch-spice-running-for-top-prize-at-the-worlds-biggest-sustainability-film-festival/
puma,ESG Today,PUMA Part of Consortium to Unveil World’s First Piece of 100% “Fibre-to-Fibre” Biorecycled Clothing,,2024-10-29,https://www.esgtoday.com/puma-part-of-consortium-to-unveil-worlds-first-piece-of-100-fibre-to-fibre-biorecycled-clothing/
puma,ESG Today,PUMA Named Among “World’s Most Sustainable Companies” by TIME,,2024-07-10,https://www.esgtoday.com/puma-named-among-worlds-most-sustainable-companies-by-time/
puma,ESG Today,PUMA Reduces Greenhouse Gas Emissions by 24% in 2023,,2024-03-13,https://www.esgtoday.com/puma-reduces-greenhouse-gas-emissions-by-24-in-2023/
puma,ESG Today,PUMA RE:SUEDE Pilot Project Turns Experimental Sneakers Into Compost,,2023-11-29,https://www.esgtoday.com/puma-resuede-pilot-project-turns-experimental-sneakers-into-compost/
puma,ESG Today,PUMA Welcomes Indian Sustainable Fashion Advocate Aishwarya Sharma To Its Voices Of A RE:GENERATION Initiative,,2023-09-26,https://www.esgtoday.com/puma-welcomes-indian-sustainable-fashion-advocate-aishwarya-sharma-to-its-voices-of-a-regeneration-initiative/
puma,ESG Today,PUMA Commits to Deforestation-Free Leather by 2030,Companies / Environment,2023-07-06,https://www.esgtoday.com/puma-commits-to-source-deforestation-free-leather/
puma,ESG Today,PUMA Commits to Sourcing All Bovine Leather From Verified Deforestation-free Supply Chains by 2030 or Earlier,,2023-07-06,https://www.esgtoday.com/puma-commits-to-sourcing-all-bovine-leather-from-verified-deforestation-free-supply-chains-by-2030-or-earlier/
puma,ESG Today,Lune Merges with gryn to Create Supply Chain Carbon Data Platform for Shipping and Logistics,"ESG Tools, Services / M&A",2026-01-21,https://www.esgtoday.com/lune-merges-with-gryn-to-create-supply-chain-carbon-data-platform-for-shipping-and-logistics/
puma,ESG Today,ESG Today: Week in Review,ESG News,2024-11-17,https://www.esgtoday.com/esg-today-week-in-review-192/
puma,ESG Today,ESG Today: Week in Review,ESG News,2023-07-09,https://www.esgtoday.com/esg-today-week-in-review-130/
